AAAA,44
AAAC,45
AAAG,31
AAAT,34
AACA,25
AACC,45
AACG,12
AACT,51
AAGA,27
AAGC,30
AAGG,11
AAGT,19
AATA,10
AATC,47
AATG,24
AATT,35
ACAA,42
ACAC,34
ACAG,13
ACAT,17
ACCA,40
ACCC,47
ACCG,22
ACCT,33
ACGA,13
ACGC,18
ACGG,8
ACGT,10
ACTA,15
ACTC,66
ACTG,31
ACTT,53
AGAA,14
AGAC,18
AGAG,20
AGAT,19
AGCA,24
AGCC,32
AGCG,3
AGCT,33
AGGA,12
AGGC,10
AGGG,7
AGGT,8
AGTA,7
AGTC,23
AGTG,9
AGTT,20
ATAA,8
ATAC,18
ATAG,8
ATAT,12
ATCA,41
ATCC,46
ATCG,16
ATCT,43
ATGA,24
ATGC,21
ATGG,17
ATGT,12
ATTA,17
ATTC,41
ATTG,22
ATTT,31
CAAA,75
CAAC,61
CAAG,42
CAAT,48
CACA,32
CACC,58
CACG,15
CACT,60
CAGA,24
CAGC,33
CAGG,16
CAGT,25
CATA,24
CATC,52
CATG,25
CATT,38
CCAA,87
CCAC,75
CCAG,40
CCAT,55
CCCA,81
CCCC,67
CCCG,14
CCCT,50
CCGA,28
CCGC,16
CCGG,18
CCGT,15
CCTA,14
CCTC,77
CCTG,29
CCTT,47
CGAA,24
CGAC,27
CGAG,13
CGAT,10
CGCA,14
CGCC,20
CGCG,3
CGCT,20
CGGA,14
CGGC,17
CGGG,2
CGGT,10
CGTA,2
CGTC,20
CGTG,9
CGTT,11
CTAA,12
CTAC,38
CTAG,8
CTAT,13
CTCA,74
CTCC,112
CTCG,14
CTCT,66
CTGA,21
CTGC,45
CTGG,31
CTGT,23
CTTA,12
CTTC,91
CTTG,24
CTTT,56
GAAA,30
GAAC,17
GAAG,10
GAAT,25
GACA,24
GACC,17
GACG,14
GACT,23
GAGA,15
GAGC,18
GAGG,6
GAGT,11
GATA,8
GATC,27
GATG,13
GATT,20
GCAA,21
GCAC,15
GCAG,18
GCAT,24
GCCA,31
GCCC,31
GCCG,17
GCCT,25
GCGA,6
GCGC,9
GCGG,4
GCGT,5
GCTA,17
GCTC,35
GCTG,23
GCTT,33
GGAA,22
GGAC,12
GGAG,10
GGAT,12
GGCA,14
GGCC,20
GGCG,9
GGCT,16
GGGA,5
GGGC,10
GGGG,4
GGGT,8
GGTA,3
GGTC,8
GGTG,13
GGTT,22
GTAA,3
GTAC,4
GTAG,3
GTAT,12
GTCA,24
GTCC,17
GTCG,12
GTCT,22
GTGA,8
GTGC,15
GTGG,8
GTGT,9
GTTA,9
GTTC,28
GTTG,12
GTTT,22
TAAA,5
TAAC,10
TAAG,4
TAAT,9
TACA,25
TACC,22
TACG,8
TACT,31
TAGA,5
TAGC,11
TAGG,4
TAGT,4
TATA,4
TATC,20
TATG,12
TATT,18
TCAA,76
TCAC,41
TCAG,27
TCAT,43
TCCA,106
TCCC,67
TCCG,24
TCCT,59
TCGA,27
TCGC,14
TCGG,13
TCGT,12
TCTA,25
TCTC,88
TCTG,37
TCTT,50
TGAA,22
TGAC,21
TGAG,7
TGAT,27
TGCA,26
TGCC,32
TGCG,9
TGCT,39
TGGA,25
TGGC,22
TGGG,14
TGGT,20
TGTA,9
TGTC,24
TGTG,9
TGTT,18
TTAA,5
TTAC,26
TTAG,5
TTAT,17
TTCA,48
TTCC,81
TTCG,24
TTCT,69
TTGA,24
TTGC,25
TTGG,25
TTGT,16
TTTA,15
TTTC,62
TTTG,32
TTTT,42
